experience,education,skill,interview,gender,age_group,race,hire
5,2,84.47,62.78,1,1,0,1
4,1,84.83,69.58,0,0,1,1
4,1,73.58,99.25,1,0,0,1
5,1,87.48,65.8,0,1,1,1
5,1,81.9,89.39,1,0,1,1
3,1,68.99,73.46,0,1,0,1
5,1,80.63,62.37,0,0,0,1
4,1,68.65,100.0,1,1,0,1
6,0,74.39,77.21,1,0,0,0
7,2,73.27,79.17,1,1,0,1
2,1,68.32,80.08,0,0,1,0
5,0,80.0,81.48,0,0,0,1
5,2,87.67,100.0,0,1,0,1
6,2,88.21,99.07,1,0,0,1
4,2,80.87,65.0,1,1,0,0
6,2,83.6,100.0,1,0,0,1
6,2,69.33,65.46,0,0,1,1
1,0,59.94,75.85,1,0,1,1
7,2,85.83,59.75,0,0,0,1
2,2,62.76,84.99,0,1,0,0
11,0,64.48,69.21,0,0,0,0
4,0,79.29,62.06,0,0,0,0
3,2,76.51,89.56,0,1,0,1
8,0,78.1,92.85,0,0,0,0
3,2,81.56,93.95,0,1,0,1
3,0,56.18,52.96,0,0,0,1
5,0,65.97,92.08,0,1,0,0
8,1,96.04,75.6,0,0,0,1
3,0,61.11,96.84,0,1,0,1
2,1,66.34,80.77,1,0,0,1
5,1,68.31,76.68,1,0,0,1
3,0,58.59,71.82,0,0,0,1
8,0,87.05,77.25,1,0,1,1
10,0,55.23,62.89,1,0,0,0
3,0,61.43,59.47,0,1,0,0
2,1,71.25,69.9,0,0,1,0
5,1,91.97,92.68,1,1,0,1
7,0,62.65,55.77,1,1,0,0
6,1,63.94,88.88,1,0,0,0
6,0,63.4,74.4,1,0,0,1
2,0,71.02,83.58,0,0,0,1
4,0,69.25,83.85,0,1,0,1
9,2,73.57,85.85,0,0,0,1
7,2,85.0,77.27,0,0,0,1
11,2,100.0,80.63,0,0,1,1
8,0,78.64,86.46,0,0,0,1
3,0,67.65,61.03,0,1,0,1
2,1,71.25,59.92,0,0,0,1
3,1,75.15,69.45,0,0,1,0
4,2,65.33,76.52,0,1,1,0
5,0,67.68,96.59,0,0,0,1
5,0,68.2,74.22,0,1,0,1
4,1,68.17,97.63,1,0,0,1
3,2,82.86,82.76,1,1,0,1
8,2,79.66,70.49,0,1,0,1
2,1,65.4,86.84,0,1,0,0
1,2,59.4,68.97,1,0,1,1
4,1,76.78,78.37,0,0,0,0
5,2,89.42,61.85,1,1,0,0
4,2,74.39,56.77,0,0,0,1
3,2,84.07,83.46,1,0,0,1
4,0,66.53,86.55,1,0,0,1
8,0,50.73,93.49,1,1,0,1
2,1,68.48,63.98,0,1,1,1
2,1,67.24,91.01,1,0,0,0
2,2,75.03,90.78,1,0,1,0
7,0,76.53,69.41,1,0,0,0
6,0,65.16,89.69,0,0,0,1
7,1,93.71,90.07,1,1,0,1
6,0,71.34,87.97,0,0,0,1
7,0,72.0,100.0,0,0,0,1
6,0,79.45,89.1,1,0,0,1
4,1,73.19,48.99,0,1,0,0
2,0,89.66,81.8,1,0,1,1
3,2,73.9,55.98,1,0,0,0
4,1,76.52,77.12,0,0,0,0
7,2,76.51,76.43,1,0,0,1
4,1,81.71,69.34,1,1,0,0
3,0,69.09,61.49,0,0,0,1
2,0,60.61,65.76,1,1,1,1
6,0,63.28,68.61,0,0,0,0
3,1,57.91,70.0,0,0,0,1
5,0,74.19,76.1,0,1,0,0
9,0,64.13,79.85,0,1,0,1
6,1,90.08,74.27,0,0,1,0
6,0,59.37,87.23,1,1,0,0
9,0,76.22,74.78,1,0,0,1
4,1,64.18,83.93,0,1,0,1
9,2,88.33,74.01,0,0,0,1
2,0,64.27,100.0,0,0,0,1
10,0,84.45,82.5,0,1,0,1
6,2,66.74,92.97,0,1,0,0
9,0,70.36,65.75,0,0,1,1
4,2,87.71,72.18,0,1,0,0
1,0,68.59,70.69,0,1,1,0
6,2,57.01,100.0,1,1,0,1
8,0,79.77,73.4,1,0,0,1
6,2,71.68,64.45,0,1,0,1
2,0,58.08,87.23,0,1,0,1
3,1,68.73,74.45,0,0,0,1
5,0,85.57,74.5,1,0,0,1
3,0,55.57,63.79,1,1,0,0
3,1,56.96,77.26,1,0,1,1
5,1,79.5,88.65,1,1,0,0
6,2,81.72,85.8,0,1,0,0
5,1,87.07,71.66,1,1,0,1
3,2,72.47,62.64,0,0,0,1
5,1,87.11,29.19,0,0,1,0
3,2,76.16,63.89,1,1,0,0
3,2,81.29,71.79,0,0,1,1
6,0,88.24,76.94,1,0,1,1
5,2,78.33,72.42,0,0,0,1
6,2,92.45,100.0,1,1,0,1
2,0,57.86,77.47,0,0,0,1
4,1,75.28,60.2,0,1,0,1
7,0,59.55,79.78,1,0,0,1
6,2,76.96,80.09,1,0,0,1
5,0,59.42,59.29,1,0,0,1
4,0,80.21,79.51,1,0,0,1
3,1,88.39,84.04,1,1,0,0
3,1,67.45,85.78,1,0,0,1
7,2,76.27,53.95,0,0,0,0
7,2,70.86,81.95,0,0,1,1
6,1,79.65,92.85,0,0,0,1
6,0,65.98,95.85,1,0,0,1
7,1,73.51,59.99,0,0,0,0
8,1,97.3,77.71,1,0,0,1
6,1,74.04,74.22,0,1,1,1
3,0,71.87,82.48,1,0,0,0
7,1,79.53,73.93,0,0,1,0
5,0,56.45,62.7,0,1,0,1
5,1,56.55,73.92,1,1,1,0
7,1,83.88,72.73,0,1,0,1
4,2,95.04,85.75,0,0,1,1
9,1,86.15,67.52,0,1,1,1
4,0,74.24,62.58,0,1,0,1
5,2,70.95,89.98,0,1,1,1
2,1,79.15,100.0,1,1,0,1
6,0,82.03,98.27,0,0,0,1
3,1,64.04,71.94,1,1,0,1
6,0,77.45,88.15,0,1,1,1
2,2,56.34,63.03,1,0,0,1
3,1,78.24,81.75,1,0,0,1
5,1,69.28,66.85,0,1,0,1
3,0,53.73,85.82,0,0,1,0
4,0,72.03,87.89,0,0,0,1
5,2,62.28,97.37,1,1,0,1
6,2,85.42,74.33,1,1,0,1
3,0,54.68,89.88,1,1,0,0
3,0,52.54,76.59,0,1,0,1
4,0,68.6,74.62,0,1,0,1
5,1,73.27,78.7,0,0,0,1
4,1,87.57,97.89,0,0,1,0
2,1,56.15,69.65,0,1,0,1
6,1,90.75,77.18,0,1,0,1
6,2,70.62,49.34,1,1,0,1
8,1,90.19,76.27,0,0,0,1
1,0,73.06,77.78,1,1,0,1
6,1,80.21,66.9,0,0,0,0
2,2,66.09,61.12,1,1,1,1
5,1,59.77,49.74,1,0,0,0
2,1,49.48,62.88,1,1,0,1
6,1,95.52,96.16,1,0,0,1
4,2,75.03,57.22,1,0,0,1
3,1,59.95,81.46,1,1,0,1
5,0,58.57,82.27,0,1,1,1
6,2,83.68,100.0,1,1,0,1
3,2,72.05,86.87,1,0,0,1
4,0,48.81,81.22,1,1,1,0
8,1,89.65,82.34,0,0,0,1
4,1,76.35,75.28,0,0,0,0
10,0,98.4,89.91,1,0,0,1
4,2,89.41,92.87,1,0,0,1
5,1,44.02,70.85,0,0,0,1
10,2,100.0,95.5,0,1,0,1
3,0,78.07,100.0,0,0,0,1
4,1,65.64,73.98,0,0,1,0
7,0,69.67,75.12,0,0,1,0
5,1,79.12,74.72,0,0,0,1
10,1,74.86,76.58,1,0,1,0
4,1,70.57,88.79,0,0,0,1
2,0,74.0,75.84,0,0,1,0
3,0,71.18,76.51,1,1,0,1
5,0,63.33,69.67,1,0,0,0
8,0,86.23,83.11,1,0,0,1
4,1,76.03,69.17,0,1,0,0
3,1,73.69,60.02,1,0,0,0
8,1,75.85,80.54,0,1,0,1
6,1,76.93,99.14,1,0,0,1
8,0,68.26,70.17,1,1,0,0
3,0,46.59,56.82,0,1,0,0
3,0,63.2,95.63,0,0,1,1
5,2,78.78,76.3,0,1,0,1
11,1,88.37,89.01,1,1,0,0
7,0,86.12,68.48,0,0,0,1
4,0,61.48,72.41,1,0,1,1
3,2,72.32,91.27,0,0,0,0
8,1,88.66,79.3,0,1,1,1
8,1,73.47,76.41,1,0,0,1
3,1,72.54,56.64,1,0,0,1
3,0,61.92,81.83,1,1,0,0
6,2,79.56,66.48,0,1,0,1
2,1,76.58,88.75,0,0,0,1
7,0,70.27,76.48,0,1,0,0
5,2,87.91,81.08,0,0,0,1
5,1,55.48,80.37,0,1,0,0
6,0,57.7,76.04,1,0,0,1
1,1,43.82,89.39,0,0,0,0
10,0,68.34,92.39,0,0,0,1
2,0,82.57,61.91,0,0,0,0
5,1,74.82,72.92,1,1,0,1
4,0,60.79,82.2,1,0,1,1
5,2,87.83,66.25,0,0,0,0
4,2,87.24,58.63,0,0,0,1
5,0,57.79,62.44,0,0,1,0
6,1,100.0,78.62,1,0,0,1
1,2,74.76,26.18,1,0,0,1
3,1,75.02,61.64,1,0,0,0
2,1,73.97,53.45,0,1,0,1
5,0,74.95,88.75,0,1,0,0
4,1,66.79,84.53,1,0,0,1
7,1,100.0,83.34,1,0,0,1
7,2,81.15,77.43,1,0,0,1
2,0,73.58,81.25,1,0,0,1
6,2,77.25,63.47,0,0,1,1
7,0,67.48,88.53,1,1,0,0
2,2,93.02,79.72,1,1,0,1
7,1,77.92,86.59,1,1,0,1
5,1,74.66,85.45,0,0,0,0
7,1,81.84,82.78,0,1,0,0
6,0,98.02,83.36,0,1,0,1
5,0,91.69,81.2,0,0,0,1
6,0,84.84,76.21,0,0,0,1
5,0,98.54,85.5,1,0,0,1
4,0,58.55,74.19,0,0,0,1
7,1,85.56,71.27,0,0,0,0
1,1,67.76,80.87,0,1,0,1
8,0,58.31,75.03,0,0,0,1
4,2,82.63,91.04,1,0,0,0
5,1,70.09,52.29,0,1,0,0
3,2,91.34,78.7,0,0,0,0
7,1,75.05,66.31,1,1,0,1
2,0,59.48,65.68,1,0,0,1
5,1,90.33,84.78,0,0,0,0
10,1,84.35,59.64,1,0,1,1
7,0,85.63,78.72,1,1,0,1
7,0,78.24,76.01,1,1,0,1
10,0,84.38,64.28,0,1,0,0
1,0,59.56,73.81,1,0,1,1
5,1,80.02,66.87,0,0,0,1
3,1,69.69,100.0,0,1,0,1
8,0,67.96,88.02,0,1,1,1
7,1,77.96,76.4,0,0,0,1
3,1,83.88,71.59,1,1,0,1
1,0,67.36,79.52,1,1,1,1
5,0,77.68,84.75,0,1,0,1
3,0,66.01,76.26,0,0,0,0
6,0,52.62,58.34,0,1,0,1
3,0,53.79,68.24,1,1,1,1
4,0,65.11,73.96,1,0,0,1
5,1,63.65,76.21,1,0,0,0
8,1,75.76,78.91,1,0,0,0
7,0,68.39,82.45,1,1,0,1
5,0,64.7,89.04,1,0,0,1
4,1,87.37,89.63,0,0,0,1
6,2,81.47,83.38,1,0,0,0
8,1,90.35,62.98,1,0,0,1
4,1,74.64,89.16,1,1,1,1
3,0,80.16,85.86,1,0,0,1
2,0,74.21,71.77,1,0,1,0
3,2,70.08,74.37,1,0,0,1
9,0,97.62,80.31,1,0,1,0
5,2,75.45,69.84,0,1,1,1
4,1,75.0,54.02,0,0,0,1
7,1,82.77,63.16,1,1,0,0
8,0,80.88,65.3,0,1,0,1
4,1,80.96,52.58,1,1,1,1
4,1,65.43,59.73,1,0,1,0
8,0,83.12,90.32,1,0,0,1
5,0,75.81,80.99,1,0,0,1
5,2,80.0,64.35,0,0,0,1
6,1,75.1,66.76,1,1,0,1
7,1,70.92,88.93,1,1,1,0
2,0,68.8,88.21,0,1,0,1
1,1,60.4,72.92,0,0,1,1
7,1,81.38,90.37,1,0,1,1
5,1,73.99,65.61,1,1,1,1
4,1,59.66,74.66,1,1,0,0
4,1,63.67,55.04,0,1,0,0
3,1,75.05,70.64,0,0,0,1
8,0,70.76,74.49,0,0,0,1
7,2,78.42,55.46,0,0,0,0
1,1,59.36,78.99,1,1,0,1
2,0,56.7,80.46,0,0,0,1
4,1,89.43,90.02,1,1,0,1
6,2,70.8,100.0,1,1,0,1
4,0,82.73,81.55,1,1,0,0
6,0,68.69,72.97,0,0,0,1
8,1,74.46,55.67,1,0,0,0
7,0,77.84,80.27,0,1,0,1
5,1,75.53,81.82,0,0,1,1
2,0,62.03,56.13,0,1,0,0
1,1,69.2,70.96,1,0,0,0
7,0,74.37,75.01,0,1,0,0
4,0,65.84,79.52,0,0,0,1
1,2,81.36,86.55,0,0,0,0
6,1,62.53,66.07,0,1,0,1
5,0,60.85,74.59,0,0,0,1
8,0,68.12,80.51,1,1,0,1
5,1,64.42,70.7,1,0,0,1
4,1,73.86,69.71,1,1,0,0
10,2,95.05,87.56,1,0,0,1
7,2,64.37,70.74,1,0,1,1
4,1,68.26,59.29,0,0,0,1
8,1,77.78,92.03,1,0,1,1
5,1,72.14,61.39,1,1,0,1
5,1,62.15,71.3,0,0,0,1
5,0,66.87,77.23,1,1,0,1
2,0,54.89,76.44,1,1,0,1
3,0,62.66,74.57,1,0,1,0
4,0,50.8,34.86,1,1,0,1
9,0,74.72,66.51,0,0,0,1
0,1,57.81,75.12,1,0,0,0
5,1,72.38,73.17,0,1,0,1
5,1,78.01,81.74,1,0,0,0
5,0,69.55,86.17,1,0,0,1
5,0,77.93,81.67,1,1,0,0
4,1,69.39,65.13,0,0,0,1
9,0,84.19,70.38,0,0,1,1
6,1,88.25,97.23,0,1,0,1
2,2,76.74,73.2,0,0,1,1
6,0,71.79,73.21,1,0,0,0
6,0,76.14,81.35,1,0,0,1
6,1,80.09,90.86,1,0,0,1
5,2,90.01,67.19,1,0,0,1
2,1,76.94,69.43,0,1,0,0
5,2,88.06,58.36,0,1,0,0
3,0,66.44,69.73,0,0,0,1
3,2,79.41,82.69,1,1,0,1
3,0,69.23,69.47,1,0,1,0
6,0,59.93,93.1,1,0,1,1
6,2,92.69,79.93,0,1,0,1
4,2,61.31,71.03,0,1,0,1
5,0,77.12,71.2,1,1,0,0
5,0,72.67,58.22,0,1,0,0
7,0,71.16,73.15,1,1,0,1
5,0,73.91,79.08,0,1,0,1
3,0,70.19,72.62,0,1,0,0
4,2,64.92,75.76,1,1,0,1
7,1,93.16,70.58,0,1,0,1
5,1,75.72,60.21,1,0,0,0
7,1,100.0,78.73,1,1,0,1
8,1,88.9,80.43,0,1,1,1
7,1,79.49,73.87,1,0,0,1
5,1,68.1,76.06,1,0,0,1
8,0,74.89,84.3,0,0,0,1
4,1,74.5,84.17,1,0,0,1
6,1,91.65,88.62,1,0,0,1
8,2,98.27,91.72,0,0,1,0
6,2,86.51,83.27,1,1,0,1
3,1,88.69,82.01,0,0,0,1
8,1,60.84,95.48,1,0,0,1
4,0,72.63,83.93,1,0,0,1
7,1,91.56,68.17,0,0,0,0
2,0,69.47,51.54,0,1,0,1
10,0,66.67,70.44,0,1,0,1
6,0,85.89,84.68,0,0,0,1
4,1,80.61,87.63,1,1,0,1
5,0,73.43,59.68,1,1,0,1
6,2,82.88,85.33,0,0,0,1
4,0,87.94,91.2,1,1,1,1
5,2,84.45,84.19,1,1,0,0
6,1,74.58,79.9,1,0,0,0
3,0,57.89,69.98,1,1,0,0
7,0,81.58,70.8,1,0,0,0
7,1,88.86,87.2,0,1,0,1
8,1,81.57,83.31,0,0,0,0
4,1,67.42,69.56,1,0,0,1
7,0,87.3,100.0,0,1,1,1
3,1,62.13,54.31,1,0,1,0
4,2,97.69,76.75,1,1,0,1
4,0,60.65,62.87,1,1,0,1
0,1,52.22,75.05,0,0,0,1
1,0,50.5,46.71,0,0,0,1
1,1,55.9,86.41,0,0,0,1
7,1,76.63,87.39,0,1,0,1
5,0,65.32,76.27,0,1,0,1
5,0,80.25,72.33,1,0,0,0
8,0,84.82,85.56,0,0,0,1
3,1,68.76,77.7,0,0,0,0
5,1,100.0,91.42,0,0,0,0
3,2,73.63,73.26,0,0,0,1
5,1,73.96,72.62,0,0,0,1
1,0,49.23,82.78,0,0,1,1
7,2,83.19,84.24,1,0,0,0
2,1,71.97,72.31,0,1,0,1
4,1,61.16,76.65,1,0,0,0
6,0,67.01,75.62,1,0,0,1
7,0,77.27,81.06,0,0,0,0
9,2,82.75,91.78,1,1,1,1
4,1,65.66,68.93,0,0,0,0
1,0,69.82,66.23,0,0,0,1
4,1,60.18,75.32,0,1,0,1
6,2,71.12,67.79,0,1,0,1
3,0,67.77,62.62,0,1,1,0
4,1,81.46,88.21,0,0,0,1
2,2,77.06,71.96,1,1,1,0
6,0,69.76,51.54,1,1,0,0
8,1,77.95,85.76,0,0,1,0
7,1,89.1,72.56,0,1,0,1
2,1,77.59,82.45,0,1,0,1
6,0,72.5,87.5,0,1,0,1
9,0,75.22,77.32,1,1,0,0
3,1,71.35,49.84,0,0,0,0
8,0,68.73,50.18,0,0,0,0
7,1,77.5,67.43,1,0,0,1
6,0,67.1,72.74,1,0,0,1
10,0,78.99,90.2,0,0,0,0
5,2,75.46,78.59,1,1,0,1
5,1,80.24,100.0,0,0,0,0
5,2,88.18,59.74,0,1,0,1
5,0,66.2,74.7,0,0,0,1
4,1,64.88,67.63,0,0,1,0
10,0,87.12,80.24,1,0,0,1
3,1,72.85,95.59,0,1,1,1
2,1,65.33,94.85,0,1,0,0
6,0,85.76,77.8,0,0,0,1
4,2,72.35,84.81,0,0,0,0
4,0,48.07,72.2,1,0,0,0
8,1,73.92,61.88,0,0,0,1
5,2,96.18,79.41,0,0,0,1
4,2,74.82,68.9,1,1,0,1
7,2,78.85,75.02,0,1,1,1
4,0,68.27,63.43,0,0,1,1
2,0,74.11,76.68,0,0,0,0
2,0,63.17,76.3,0,1,0,1
3,1,76.91,83.83,0,0,0,1
3,1,69.11,77.54,0,0,0,1
8,0,81.99,96.01,1,0,0,1
6,1,78.8,100.0,1,0,0,1
0,0,56.02,66.35,1,1,1,0
8,0,78.58,87.36,1,1,0,1
5,1,69.57,99.29,0,1,0,1
4,1,59.22,83.8,1,0,1,0
5,2,79.8,84.57,0,0,0,1
7,0,61.11,50.36,0,0,0,1
6,1,82.97,69.9,0,1,0,0
3,0,65.63,68.18,0,1,0,1
4,0,82.23,93.09,1,1,0,1
2,1,65.7,64.37,0,1,0,1
4,2,77.8,74.54,0,0,0,1
1,0,47.3,79.54,0,1,1,1
9,0,66.96,64.08,0,0,0,1
3,1,54.21,74.19,0,1,0,1
1,0,72.77,76.34,0,1,0,1
5,2,75.4,85.61,0,0,1,1
4,1,86.27,85.16,1,1,0,1
6,0,45.19,76.57,0,1,0,1
5,1,90.48,80.51,0,0,1,0
8,1,80.32,55.95,1,0,1,1
5,0,73.4,76.36,1,0,0,0
7,1,68.37,74.34,0,0,0,1
4,0,73.27,83.85,0,1,0,1
1,1,63.26,67.58,1,0,0,1
5,0,58.06,72.11,0,1,0,0
4,2,65.92,74.06,0,1,0,1
3,0,53.75,62.2,0,1,0,1
2,0,67.8,59.72,1,0,0,1
12,2,87.64,82.12,1,0,1,1
5,0,53.6,82.81,1,1,0,1
10,0,83.69,69.24,0,1,0,1
6,0,50.27,67.44,0,1,1,1
1,0,75.29,85.01,0,0,0,1
6,2,100.0,91.12,1,0,0,1
2,1,55.88,73.95,1,0,0,0
4,0,78.52,80.68,0,1,0,1
5,1,78.49,82.08,1,0,0,1
8,1,76.0,83.73,0,0,0,1
4,2,73.47,61.84,0,0,0,1
2,0,70.54,97.12,1,0,0,1
1,1,66.6,76.61,0,1,0,1
8,1,55.06,79.77,0,1,0,1
8,1,100.0,70.86,0,1,0,1
4,1,77.33,73.24,1,0,0,1
1,0,61.48,76.82,1,0,1,1
9,1,75.82,53.51,1,0,0,1
4,1,71.11,63.41,1,0,0,1
2,2,86.69,68.63,0,1,0,0
4,0,70.62,58.78,0,0,0,1
3,1,74.75,76.22,1,0,0,1
8,2,73.51,73.81,1,0,0,1
9,1,79.5,92.99,1,1,0,1
4,2,78.51,62.25,1,0,0,0
4,2,84.97,79.81,1,0,0,0
5,0,65.84,62.61,0,1,0,0
11,1,96.28,58.65,0,1,0,0
8,0,64.56,79.96,1,0,0,1
6,1,77.7,83.59,1,1,1,1
2,0,63.02,79.23,1,1,0,0
8,1,65.84,57.37,0,0,1,0
7,1,78.52,76.71,0,0,0,0
6,1,71.17,81.4,1,0,0,1
5,0,84.14,88.25,1,1,0,1
3,2,71.9,81.92,1,1,0,0
5,0,73.51,86.28,0,0,0,1
3,0,53.69,83.55,1,0,0,0
3,0,68.37,74.93,1,0,0,1
7,2,79.85,81.95,1,1,0,1
4,2,70.24,86.04,0,1,0,0
4,1,100.0,84.68,0,0,1,1
6,2,78.47,90.08,1,0,0,1
6,0,69.88,84.47,0,1,0,1
3,2,85.02,69.41,0,0,0,0
4,0,60.32,56.39,0,0,1,0
6,0,76.03,75.44,1,0,0,1
6,0,77.1,61.25,0,1,0,1
6,1,79.45,76.89,0,0,0,0
6,1,99.96,79.9,1,1,0,0
3,0,57.96,87.2,1,1,0,1
5,2,95.38,85.14,0,0,0,1
2,1,73.72,86.48,0,1,0,0
5,0,79.09,69.94,1,0,0,1
3,1,74.41,93.24,0,0,0,0
3,1,89.78,88.68,1,0,0,1
5,2,76.8,80.49,0,1,0,1
11,1,91.97,56.72,1,1,0,1
7,1,92.05,92.56,1,1,1,0
7,0,68.41,94.96,1,0,0,1
4,1,83.0,76.74,0,0,0,1
1,2,71.81,74.74,1,0,0,1
4,0,55.65,64.93,0,0,0,0
5,2,65.48,53.52,1,0,0,1
4,1,72.09,67.67,0,1,0,1
4,0,77.91,95.49,1,1,0,1
7,2,63.21,85.59,0,0,0,1
6,1,79.0,66.53,1,0,1,1
8,0,84.92,70.04,0,0,0,1
4,0,55.22,96.67,0,1,0,1
3,0,59.66,59.69,0,1,0,0
0,2,75.72,66.56,0,0,0,0
4,1,81.49,71.14,0,1,0,0
1,2,88.04,61.31,0,1,0,1
4,0,62.14,65.98,1,0,1,0
3,0,57.84,65.3,0,1,0,1
5,0,86.53,66.48,1,0,0,1
6,1,69.45,89.83,0,1,0,1
6,2,87.07,63.41,1,0,0,1
4,1,94.83,77.26,0,0,1,1
4,0,75.53,64.58,1,0,0,1
5,2,87.83,75.05,1,1,0,1
1,1,79.78,64.87,0,0,0,1
9,0,83.25,77.56,1,0,0,1
7,2,91.88,82.23,0,0,0,1
5,0,66.57,90.14,1,1,0,1
4,0,79.6,68.86,0,0,0,1
5,0,74.13,94.24,0,0,0,1
4,1,58.22,61.96,0,1,0,1
1,1,69.43,71.03,1,1,0,1
3,0,44.3,90.04,0,0,1,0
7,0,81.14,100.0,1,0,0,1
6,1,74.66,95.16,0,1,1,1
10,2,100.0,77.32,0,0,0,0
4,1,77.9,81.76,1,1,0,1
5,0,79.24,84.04,1,0,0,1
6,0,61.51,76.45,1,1,0,1
6,0,78.85,63.67,1,0,0,1
8,0,69.59,76.73,1,0,0,1
4,1,83.91,70.71,1,1,0,0
3,1,59.82,60.34,0,0,0,1
3,1,72.1,70.68,0,0,0,1
9,1,71.42,78.07,0,0,1,1
7,0,75.26,87.07,0,0,0,0
2,0,84.22,73.8,0,1,0,0
2,1,76.21,74.3,1,0,0,1
4,0,67.67,83.18,0,0,0,1
6,0,47.38,70.33,1,0,0,1
9,0,72.64,79.11,1,0,0,1
11,0,86.75,78.28,0,0,0,1
4,0,62.89,75.01,0,1,0,1
7,2,98.27,66.71,0,1,0,0
7,2,84.72,78.41,1,1,0,1
3,0,76.79,92.49,1,1,0,1
7,0,76.05,77.24,0,1,0,1
5,1,72.24,64.44,1,0,0,1
2,0,59.29,89.58,0,0,0,1
9,0,67.88,82.23,1,0,0,0
6,0,82.97,85.8,1,0,0,1
3,0,61.72,81.23,0,0,1,0
6,1,82.22,62.93,0,0,0,1
3,2,70.74,81.92,0,1,1,1
2,0,53.17,87.25,0,1,1,1
8,0,81.55,70.55,1,0,0,0
4,0,60.53,48.96,0,0,0,1
5,0,66.0,77.59,1,0,0,1
4,2,65.51,73.5,0,0,0,1
3,1,66.07,54.64,1,0,1,0
4,1,73.24,81.91,1,0,0,1
3,1,68.13,79.99,1,0,1,1
11,2,100.0,62.41,0,0,0,1
6,2,83.46,99.36,0,0,0,1
5,0,100.0,89.01,1,0,0,1
5,0,74.24,52.17,0,0,0,1
5,1,57.65,81.36,0,0,0,0
3,0,63.87,82.25,0,1,0,1
6,2,80.74,93.13,1,0,1,0
4,1,66.86,65.89,1,0,0,0
5,2,80.73,86.14,1,1,1,1
3,0,59.57,69.07,0,0,1,1
7,2,87.33,70.79,0,1,0,0
3,0,46.91,59.0,1,1,0,0
6,2,93.44,55.85,0,0,0,1
7,0,58.22,78.13,0,0,0,0
1,1,64.36,69.6,1,0,0,1
6,1,69.67,41.17,0,0,0,0
4,1,76.06,76.12,0,0,1,1
2,1,67.17,87.33,0,0,0,1
2,2,76.52,59.62,0,0,0,1
5,1,86.11,68.67,0,0,1,0
5,1,82.69,81.83,1,0,0,1
3,0,66.36,42.57,0,1,0,0
5,2,84.6,70.51,0,1,0,0
11,1,100.0,84.16,1,0,0,0
2,1,77.04,68.68,1,0,0,0
6,0,69.06,58.24,0,1,1,1
5,1,87.78,62.55,1,0,0,0
3,0,69.91,54.64,1,0,0,0
4,0,58.37,64.08,0,0,0,0
10,1,83.19,89.32,0,0,0,0
1,0,47.28,97.8,0,0,1,1
8,0,53.15,71.06,1,0,0,1
3,1,61.51,81.52,0,1,0,1
5,0,71.23,62.96,0,0,1,0
4,0,69.26,48.75,1,0,0,1
11,0,67.88,95.8,0,1,0,1
3,1,47.21,62.3,1,1,0,1
4,1,87.71,86.17,1,0,0,1
3,1,71.95,76.29,0,1,0,0
3,0,81.56,88.25,1,1,0,1
8,0,90.99,89.65,0,0,0,1
1,0,69.35,77.2,0,1,0,0
5,1,75.59,79.77,0,0,1,1
7,2,80.02,90.56,1,1,0,1
3,0,73.19,69.72,1,0,0,1
7,0,72.4,93.15,0,0,1,0
5,0,64.1,64.33,0,1,0,1
7,1,58.02,72.52,0,0,0,1
5,1,74.17,82.38,1,0,0,1
7,1,89.97,58.44,1,1,1,1
5,2,92.59,95.1,1,0,1,1
4,1,73.53,80.42,1,0,0,0
5,0,61.11,100.0,1,0,1,1
11,0,91.03,100.0,0,0,0,1
7,1,78.85,75.64,0,0,1,0
6,1,73.34,96.1,1,0,0,1
3,1,56.44,81.46,0,1,0,1
0,1,86.04,79.98,0,0,0,0
10,1,92.38,58.56,1,0,0,1
5,2,88.46,60.61,1,1,0,1
5,1,66.37,73.33,0,1,0,1
3,1,71.8,68.42,1,0,0,0
4,0,67.19,76.14,1,1,0,1
2,1,76.82,91.83,0,1,0,0
2,2,87.6,87.9,0,1,0,0
7,0,59.66,63.58,0,1,0,0
3,1,60.25,83.15,0,0,1,0
1,1,73.46,63.72,1,0,0,1
3,0,60.92,58.48,0,0,0,0
7,1,87.15,82.01,0,0,1,1
5,0,66.27,63.48,0,1,0,0
5,2,67.51,65.8,0,0,0,1
4,2,60.41,84.01,0,1,0,1
5,0,74.84,82.86,1,0,0,1
5,0,75.09,70.56,0,0,0,0
3,1,80.7,56.64,1,1,0,1
3,0,69.28,65.03,1,0,0,1
6,0,34.43,90.19,0,0,0,0
6,1,82.03,88.01,1,1,0,1
4,0,53.43,87.77,1,1,0,1
9,0,59.32,74.94,0,1,0,1
6,2,62.12,68.21,0,0,0,1
5,2,59.2,82.7,1,0,1,0
5,1,77.79,90.94,1,0,0,0
4,2,70.69,68.38,0,1,1,1
10,0,64.81,64.4,0,0,1,1
6,0,72.23,56.19,0,0,0,1
2,0,52.94,61.73,0,0,0,0
4,1,82.81,84.59,1,0,0,1
3,2,90.5,70.95,0,0,1,1
2,1,66.82,84.55,0,0,0,1
5,2,93.77,100.0,0,1,0,1
6,1,90.76,78.45,0,0,0,0
5,0,70.85,73.97,0,0,0,1
10,1,100.0,86.58,0,0,0,1
5,0,63.78,65.86,0,0,1,1
5,0,50.45,62.32,1,0,0,1
4,1,57.46,64.08,1,1,1,1
4,1,66.32,59.52,0,1,0,1
3,1,76.34,86.07,0,0,0,1
6,1,65.45,67.13,0,1,0,0
4,0,61.24,85.59,0,1,0,1
2,1,56.51,77.65,0,0,0,1
9,1,76.47,75.02,0,0,0,1
5,0,83.43,86.4,1,0,0,1
9,2,91.58,66.99,0,0,0,1
5,1,69.23,64.48,0,1,0,1
5,1,87.2,86.0,1,1,0,1
1,2,72.26,48.1,1,1,0,0
5,2,81.34,76.44,0,0,0,0
8,2,97.43,86.57,0,1,0,1
6,0,68.57,89.45,0,1,0,0
2,0,73.16,92.82,0,1,0,1
5,0,78.45,74.13,0,1,0,1
5,0,68.54,82.95,0,1,0,1
4,2,64.04,63.16,0,1,0,1
6,1,77.13,70.1,1,0,0,0
5,0,81.37,92.69,1,1,0,1
6,0,80.2,75.56,0,1,0,1
5,0,87.1,79.34,0,1,0,1
4,1,68.1,61.22,0,0,0,0
7,1,86.79,82.43,0,0,0,0
5,2,69.94,83.04,0,1,0,1
7,2,86.02,85.88,1,1,0,1
6,0,83.05,62.07,1,0,0,0
4,0,77.06,87.41,1,1,0,1
8,0,77.03,63.43,1,0,0,1
4,0,65.32,72.75,1,1,0,1
3,2,66.05,53.79,1,1,0,1
5,1,72.74,72.39,1,0,0,1
10,1,71.9,62.34,0,0,1,1
6,1,73.57,69.33,0,0,1,1
4,0,49.94,70.71,1,0,0,0
3,0,52.81,80.49,1,0,1,1
3,1,79.53,85.42,0,1,0,1
5,1,82.41,48.44,0,0,0,1
2,0,61.11,80.36,0,0,0,1
6,1,77.65,78.0,1,1,0,1
2,2,75.99,68.48,0,0,0,0
5,1,79.6,65.36,1,0,0,1
2,1,72.53,73.76,1,1,0,1
6,1,63.63,75.49,1,1,0,1
3,1,46.57,73.85,0,0,0,1
5,1,64.83,70.6,0,0,0,0
2,2,72.46,44.2,0,0,0,1
6,0,81.6,70.38,0,0,0,0
6,1,79.34,61.66,0,1,0,0
7,0,79.34,100.0,1,0,0,1
6,0,63.03,73.32,0,1,0,1
6,1,76.29,84.15,1,1,0,1
4,2,78.65,83.35,1,1,0,0
4,0,60.44,75.81,0,0,0,1
7,0,63.3,67.67,1,0,0,1
5,0,67.73,67.02,1,0,0,1
5,1,81.61,52.08,0,1,0,1
8,0,66.95,75.1,0,1,0,0
4,0,65.92,76.79,0,1,1,1
2,1,82.55,75.94,0,0,0,1
3,0,60.81,73.88,1,0,0,1
4,1,73.07,60.14,0,1,0,1
6,1,75.94,71.66,1,1,0,1
9,0,76.12,67.43,0,1,0,1
3,1,87.68,85.52,0,0,0,1
5,1,78.06,76.1,1,0,0,1
3,1,55.3,63.38,1,1,0,1
2,1,84.28,74.94,0,1,0,1
4,0,70.75,61.68,0,1,0,0
9,2,84.26,72.91,1,0,0,0
4,1,86.49,84.29,1,1,0,1
5,0,62.21,56.46,0,0,0,0
8,0,93.16,77.9,0,0,0,0
8,0,76.93,66.39,0,0,0,1
5,0,80.06,60.03,0,0,0,0
3,1,100.0,100.0,1,1,0,0
9,0,79.8,91.01,1,0,0,1
2,0,63.03,65.43,1,0,0,1
8,1,70.33,70.59,0,1,0,1
7,0,72.79,50.29,1,0,1,1
6,1,66.64,54.22,0,1,0,0
9,1,81.13,62.69,1,1,0,0
3,0,94.95,78.59,0,0,0,1
6,1,78.2,74.26,0,1,0,1
7,1,73.46,78.67,1,0,0,1
7,0,71.9,82.52,0,0,0,1
5,0,65.88,76.51,1,1,0,1
5,1,85.48,64.12,1,1,0,0
1,2,71.1,78.11,0,1,1,1
7,1,95.09,86.64,1,1,0,1
4,0,64.84,67.84,0,1,0,1
7,1,76.48,53.14,0,0,0,1
5,1,66.03,87.42,1,0,0,1
5,1,71.17,75.29,1,0,1,1
3,1,53.66,37.46,0,0,0,0
5,1,53.7,95.58,0,0,1,0
5,2,86.25,71.5,0,0,0,1
4,1,55.55,100.0,1,1,0,1
3,1,75.06,79.54,1,0,0,0
3,0,61.0,69.77,0,0,0,0
5,2,89.4,80.08,1,0,0,1
10,2,72.77,66.04,0,1,0,1
2,0,69.98,74.73,0,0,0,0
5,1,78.32,99.79,1,1,1,1
3,0,69.63,63.14,0,0,0,1
4,1,84.24,83.25,0,0,0,1
6,1,77.7,66.9,1,1,0,1
3,0,41.52,66.29,0,1,1,1
4,2,82.49,100.0,0,1,0,1
4,0,71.2,80.56,1,0,0,0
5,1,72.55,83.46,1,0,0,0
8,1,72.58,75.37,1,0,0,0
5,0,66.39,100.0,0,0,0,1
6,0,86.58,65.92,0,1,0,1
3,0,56.8,52.41,1,0,1,0
4,1,55.6,91.35,0,0,0,1
5,1,60.32,67.48,0,1,0,1
6,0,71.65,79.25,0,0,0,1
7,0,90.71,98.74,0,1,0,1
5,0,92.05,83.49,0,0,0,1
2,1,75.5,100.0,1,1,1,1
6,1,67.19,75.07,1,1,1,0
4,0,59.25,63.35,1,0,1,1
2,1,77.76,47.31,1,0,1,0
4,0,81.32,79.87,1,0,0,0
2,2,67.58,46.68,1,1,0,1
3,2,90.24,81.94,0,0,0,1
4,1,70.7,91.66,0,1,0,1
7,2,91.14,78.02,0,0,0,1
5,2,91.45,80.57,0,1,0,1
5,2,65.18,84.02,0,0,0,1
7,1,83.51,84.74,0,1,0,1
9,0,92.29,92.38,0,1,1,1
7,0,68.39,73.45,0,0,1,1
6,0,61.43,45.27,0,1,0,1
6,1,81.95,90.5,0,1,0,1
9,0,79.33,73.0,1,1,1,1
2,0,60.73,61.6,0,1,1,1
3,1,70.98,78.23,1,0,1,0
9,0,61.3,74.5,1,0,1,1
3,1,75.04,66.02,1,0,1,0
8,2,100.0,64.57,1,0,0,1
5,1,67.85,79.19,1,0,0,1
4,1,64.72,62.74,0,0,0,1
9,1,84.73,78.32,1,1,0,1
2,1,97.46,83.97,1,1,1,0
5,0,81.0,87.82,1,0,0,1
10,2,89.06,100.0,0,0,0,1
5,0,70.4,76.93,0,0,0,1
4,0,79.99,70.89,1,1,0,1
7,1,69.91,93.88,1,0,0,0
3,0,72.12,87.0,1,0,1,1
6,0,60.83,74.19,0,1,0,0
3,0,75.25,77.89,0,1,1,1
3,0,63.06,72.94,0,1,1,1
4,0,70.01,75.95,0,1,0,1
1,0,58.41,70.46,0,0,0,0
2,1,75.99,63.5,0,0,0,0
4,2,76.25,75.36,0,0,0,1
5,0,91.58,99.4,0,1,0,1
8,2,100.0,70.21,0,1,1,0
7,0,60.96,68.94,1,0,0,1
7,0,75.91,64.48,1,0,0,1
2,0,71.35,88.16,1,0,0,1
6,1,72.42,84.44,0,0,0,1
8,1,93.12,63.29,1,0,0,1
6,1,87.95,53.37,0,0,0,1
4,1,72.16,84.82,1,0,0,0
4,1,82.81,60.49,1,1,0,1
4,1,48.89,79.72,1,0,0,0
1,2,85.58,69.46,1,0,0,1
6,0,80.87,84.51,0,1,0,1
8,0,65.12,78.35,0,0,0,0
7,1,81.52,69.87,1,0,0,0
7,1,58.74,61.2,0,0,0,1
6,0,64.37,79.78,0,0,0,1
6,0,82.96,68.28,1,1,0,0
4,1,72.87,87.88,0,1,0,0
3,1,70.32,64.08,1,1,1,0
6,0,72.45,78.69,1,0,0,1
3,2,75.29,70.37,0,1,0,1
10,1,94.87,79.04,0,0,0,1
5,1,68.81,65.36,0,0,0,0
6,1,81.19,74.1,0,1,0,1
6,2,70.55,43.37,0,0,0,1
4,0,75.41,65.33,0,1,0,0
6,0,68.79,66.71,0,0,0,1
5,1,74.59,74.06,0,0,0,0
3,1,67.38,88.99,1,0,0,1
2,0,61.64,63.96,1,0,0,1
3,2,65.95,90.16,1,0,0,1
2,1,72.29,64.12,0,0,0,1
8,0,81.55,63.01,0,0,0,1
7,0,60.69,49.53,1,1,0,1
4,0,62.04,79.69,0,0,0,1
3,1,71.3,75.29,0,0,0,0
3,2,70.01,80.57,1,0,0,1
6,1,74.77,76.53,0,1,0,1
5,2,96.16,79.12,0,0,0,1
1,2,61.82,75.78,1,0,0,1
8,1,57.88,97.41,1,1,0,0
9,1,77.01,69.72,0,1,0,1
4,1,69.72,98.6,0,0,0,1
7,1,74.1,85.05,1,0,0,0
3,0,68.69,78.12,1,1,1,1
7,1,68.72,80.4,0,0,1,1
5,0,58.25,33.3,1,0,0,0
6,2,75.26,71.91,1,1,1,0
8,2,79.46,67.85,0,0,0,1
2,0,85.21,100.0,1,0,0,1
4,0,83.52,72.61,1,0,1,0
9,1,66.3,72.9,0,0,0,1
4,1,53.7,70.19,1,0,0,0
4,0,67.14,57.75,0,1,1,0
3,1,90.12,71.3,1,1,0,1
4,0,74.66,84.73,1,0,0,1
4,0,67.67,47.95,0,0,0,1
6,0,67.44,77.22,1,0,1,1
7,0,84.77,66.14,1,1,1,1
3,1,72.78,90.16,0,1,0,0
6,2,99.32,84.6,0,0,1,1
8,1,64.12,54.59,0,0,0,1
7,1,83.24,71.65,1,1,1,0
3,0,60.37,77.52,1,0,0,1
4,1,77.14,71.78,1,0,0,1
6,0,74.51,76.64,0,1,0,1
8,1,86.1,76.99,0,0,0,1
3,2,85.78,87.56,0,0,0,0
4,0,81.9,81.65,0,1,0,1
3,1,90.52,77.52,0,1,0,1
8,0,76.16,75.45,0,1,1,1
1,0,56.58,58.32,0,1,0,0
3,0,53.74,88.36,1,0,0,0
7,0,78.35,100.0,1,1,0,1
5,0,78.35,71.71,1,1,1,0
9,0,64.52,73.48,0,1,0,1
5,1,86.45,89.47,1,1,1,1
4,0,66.99,85.51,1,0,1,0
5,1,62.44,74.63,1,0,0,1
7,2,75.52,63.39,0,0,0,1
3,1,61.57,94.13,0,0,1,1
6,0,62.75,80.72,0,0,1,1
7,0,79.7,78.59,0,1,0,1
4,2,86.64,68.65,1,1,0,1
4,1,89.99,78.69,1,1,0,1
4,1,66.02,51.43,0,0,0,1
3,0,69.43,82.78,0,1,0,1
4,1,66.53,85.12,1,0,0,1
2,0,64.2,75.6,0,1,0,0
7,2,69.2,62.32,1,1,0,1
6,2,70.77,79.58,1,0,1,0
7,0,82.03,85.85,0,0,1,0
5,1,60.17,63.11,1,1,1,1
4,0,74.15,86.04,0,0,1,1
5,1,68.24,79.94,1,0,0,1
4,2,58.74,68.46,1,0,1,1
7,1,53.61,64.03,1,0,1,1
5,0,84.63,74.78,0,1,1,1
6,0,52.95,58.94,0,0,0,0
5,2,79.36,78.99,0,0,0,0
2,1,72.54,81.21,0,1,0,0
4,1,59.87,86.0,1,1,0,1
4,0,62.46,76.06,0,0,1,1
6,0,76.79,80.05,1,1,0,1
11,2,94.93,75.77,0,1,1,1
6,1,72.39,63.99,0,1,0,0
8,1,83.37,71.51,1,0,0,0
5,1,73.98,91.93,0,1,0,1
3,1,61.3,79.87,1,1,0,1
5,0,82.0,81.29,0,1,0,1
1,0,64.07,51.03,1,0,0,0
8,1,62.58,76.27,1,1,0,1
6,1,82.22,60.49,1,1,0,1
4,1,66.84,58.27,0,0,0,0
7,2,81.11,62.46,0,1,1,0
1,0,62.08,63.14,1,0,0,0
7,0,66.07,83.21,1,1,0,1
3,2,94.03,81.53,0,0,0,1
9,1,68.07,62.3,0,1,0,1
4,1,73.57,67.74,0,1,0,0
2,1,72.81,80.54,0,1,0,0
4,1,73.41,83.06,1,1,1,0
6,0,70.09,75.62,0,0,0,1
2,1,65.23,59.28,0,0,0,0
1,2,63.97,67.84,1,0,0,1
7,1,70.79,100.0,0,1,0,1
7,1,90.59,63.59,1,1,0,1
6,0,67.58,78.02,1,0,0,0
8,0,97.32,100.0,0,0,0,1
7,0,80.69,72.86,1,1,0,0
5,0,43.32,90.67,0,0,0,0
6,2,90.83,69.91,0,1,1,1
6,1,76.47,51.59,0,0,0,0
7,1,65.1,66.07,0,1,0,1
6,1,90.04,68.92,0,0,1,1
3,0,61.64,52.29,0,1,0,0
3,2,70.79,69.15,1,1,0,0
1,0,65.75,85.04,1,0,1,1
5,0,81.43,69.16,1,0,0,0
3,1,72.13,69.91,1,1,0,0
9,2,88.42,94.13,0,0,1,1
8,2,79.03,66.83,0,1,1,1
4,0,79.26,83.28,0,1,0,1
2,2,75.23,54.56,0,0,0,1
3,0,63.75,61.16,1,1,0,0
2,0,60.5,69.54,0,0,0,0
4,2,88.27,92.16,0,1,0,1
4,2,75.38,64.12,0,0,0,0
5,1,85.29,65.96,0,0,1,1
8,1,76.28,78.53,0,0,0,0
6,2,89.22,83.04,0,1,1,1
3,1,73.07,62.19,1,1,0,0
5,2,70.49,67.84,0,1,0,1
6,1,76.13,88.27,1,1,0,0
3,2,54.09,56.66,0,0,0,1
8,2,78.56,79.81,0,0,0,1
8,0,60.22,65.83,1,0,1,1
5,2,99.98,96.83,1,0,0,0
4,1,57.34,78.43,0,0,0,1
2,0,89.86,88.54,1,1,0,1
6,1,82.14,69.98,0,0,0,0
5,0,64.81,82.86,0,0,0,0
6,1,85.06,86.59,1,0,1,1
7,2,77.55,81.74,1,1,0,0
3,0,51.9,66.99,0,0,0,1
9,1,83.79,78.71,0,0,1,0
2,2,81.0,53.97,1,0,0,0
0,1,77.78,96.66,0,1,0,1
6,0,76.98,68.15,0,0,0,1
4,1,67.71,69.52,0,1,0,1
6,1,90.86,62.36,1,0,0,1
4,1,84.63,85.0,0,0,0,0
5,2,82.69,82.89,1,1,0,1
2,1,81.11,72.68,1,0,0,0
5,2,100.0,51.98,0,1,0,1
4,1,67.56,64.97,1,1,0,0
3,0,57.0,76.92,1,1,1,0
5,1,69.27,76.87,0,0,1,0
3,1,57.5,70.95,0,0,0,1
3,1,76.91,70.3,1,0,0,1
4,0,51.9,51.44,1,0,0,1
8,0,88.65,89.3,0,1,0,1
5,0,63.28,55.37,1,1,1,0
4,0,81.59,73.87,1,0,0,0
4,1,47.43,57.07,1,0,0,1
4,0,64.15,84.75,1,1,0,1
4,1,60.07,79.0,0,0,0,1
7,0,87.53,73.22,0,0,0,1
8,0,92.79,86.85,1,1,0,1
7,1,55.56,53.21,0,0,0,0
3,0,74.66,73.98,1,0,0,1
6,2,92.69,65.88,0,1,0,0
6,0,75.26,87.35,0,0,0,1
4,1,78.88,80.27,0,0,0,0
6,2,87.16,85.23,1,1,1,1
9,1,91.7,71.7,1,0,0,0
6,0,61.08,81.15,0,0,1,1
4,1,85.0,63.6,0,1,0,1
6,1,79.09,64.14,0,0,0,1
7,2,85.49,75.0,1,0,0,0
4,2,83.67,65.52,0,0,0,0
3,0,53.29,79.17,1,0,1,1
4,2,62.47,66.81,0,1,0,1
5,0,68.79,60.79,0,0,0,1
3,0,81.44,61.76,1,0,1,1
5,2,68.15,82.0,0,0,0,1
3,0,67.75,43.02,0,1,0,0
5,0,62.83,60.43,0,0,0,0
5,0,61.49,89.13,0,1,0,0
5,1,80.01,71.87,0,0,0,1
6,1,84.59,85.52,0,1,0,1
6,1,69.12,78.95,1,1,1,1
6,0,85.87,74.88,1,0,1,1
5,1,79.23,55.94,1,0,0,1
7,2,81.58,60.41,0,0,0,1
3,2,79.48,59.78,1,1,0,0
5,0,90.36,83.86,1,0,0,0
7,2,91.54,86.34,0,0,0,1
2,1,62.01,61.86,1,0,1,1
8,0,75.81,74.22,1,1,0,0
4,0,69.31,73.96,0,1,0,0
2,0,70.65,75.07,1,0,0,1
5,1,77.4,66.34,0,0,0,0
5,0,88.95,97.45,0,0,0,1
4,1,70.73,82.28,0,0,0,1
6,0,54.7,71.82,1,0,0,1
8,2,88.15,71.4,0,1,0,0
4,0,63.59,62.71,1,1,0,0
3,2,60.96,76.97,1,1,0,1
6,2,74.96,69.31,1,1,1,0
4,0,64.42,74.49,0,0,0,0
2,1,80.4,53.29,1,0,0,0
3,0,51.17,63.88,1,1,0,1
1,2,75.5,73.79,0,1,0,0
9,1,100.0,91.61,1,0,1,1
5,0,68.25,62.58,1,0,0,1
3,0,63.96,54.96,1,0,1,0
4,0,75.2,80.38,0,1,0,1
3,2,81.22,75.48,0,0,0,1
4,1,87.18,56.77,0,0,0,0
6,2,80.33,56.0,0,1,0,1
4,0,75.02,67.24,1,1,0,1
2,0,71.18,73.23,1,0,1,1
6,2,78.64,92.4,1,1,0,1
3,0,64.86,60.0,1,0,0,1
6,2,81.89,82.84,1,1,0,0
2,0,51.62,46.79,0,0,0,0
8,0,72.11,78.75,1,1,0,0
3,1,85.96,95.27,0,1,0,1
6,2,92.38,80.18,0,1,0,1
4,2,72.2,66.42,1,0,0,1
5,0,69.84,88.76,0,0,0,0
6,0,81.71,80.53,0,0,0,1
1,1,71.43,76.13,1,0,0,1
5,1,83.0,64.39,0,1,1,1
7,1,84.34,81.23,0,1,1,1
6,0,74.15,66.61,0,1,0,1
6,2,80.34,79.81,0,1,0,1
7,1,67.05,73.99,0,1,0,0
4,2,84.92,89.99,1,1,0,0
3,1,68.78,66.84,0,0,1,1
8,1,64.52,71.11,1,0,0,1
4,2,72.54,84.09,0,1,1,0
5,1,83.52,73.87,0,0,0,1
5,2,60.84,71.91,1,1,0,1
3,2,65.7,68.26,1,0,0,0
9,1,84.37,74.91,1,1,0,1
8,1,95.06,87.06,1,0,0,1
6,0,82.0,98.43,0,0,0,1
3,0,81.02,56.06,0,0,0,1
5,0,72.08,59.24,1,1,0,1
5,0,67.91,71.88,0,0,1,1
5,0,78.43,76.28,0,1,0,1
3,0,57.01,68.79,0,1,0,1
7,0,64.23,66.21,1,1,1,1
3,1,59.45,57.1,0,1,1,0
0,0,70.89,66.85,0,1,0,1
6,0,63.65,82.54,0,0,0,1
6,1,87.01,78.52,1,0,0,1
4,1,74.48,83.0,0,1,0,1
5,1,86.02,62.76,0,1,0,1
9,1,71.95,91.72,1,1,0,1
5,2,73.74,68.01,1,0,0,1
4,1,77.54,81.21,1,0,0,1
3,1,66.69,71.84,1,0,0,0
6,2,57.07,64.93,0,0,0,1
2,2,60.28,77.25,0,0,0,1
6,1,65.87,80.38,0,1,0,1
6,1,66.61,100.0,1,1,0,0
6,0,78.82,83.43,0,1,0,1
5,1,78.37,83.17,1,0,1,1
3,2,77.62,89.26,1,1,0,1
4,1,93.09,85.0,0,0,0,1
4,2,89.75,77.49,0,0,0,0
5,1,83.02,80.51,0,0,0,0
4,2,63.05,82.87,0,1,0,1
4,1,73.6,91.41,0,0,0,1
5,0,72.99,56.47,1,1,1,0
5,1,70.85,51.49,0,0,0,1
5,0,87.06,93.59,0,1,0,1
7,0,74.51,65.33,0,0,1,0
3,2,63.72,52.85,1,1,1,0
2,0,54.03,49.78,1,0,0,0
4,1,95.82,100.0,1,0,0,1
4,0,63.8,83.29,1,1,0,1
6,0,51.21,60.7,0,0,0,1
3,2,70.01,64.96,0,0,0,0
5,0,51.73,71.01,0,0,1,0
5,1,84.17,87.15,0,1,0,1
5,1,55.45,67.56,1,1,0,0
5,1,60.98,62.76,0,0,0,1
3,2,76.04,88.83,0,1,1,1
10,1,96.09,78.91,1,1,0,1
5,1,74.31,72.56,1,0,0,1
4,2,65.42,80.19,1,1,0,1
4,0,69.83,48.33,0,1,0,1
7,1,74.32,80.55,1,0,0,0
3,2,87.33,82.4,0,1,0,1
6,1,85.55,60.56,0,1,0,0
2,2,68.63,50.43,1,0,0,1
4,1,80.8,69.39,1,0,0,0
4,2,80.71,78.34,0,0,0,1
4,2,91.67,81.75,0,1,1,1
8,0,83.37,97.12,0,1,0,1
5,0,75.47,77.3,0,1,0,1
8,1,94.28,62.07,1,0,0,1
5,1,75.15,72.02,0,0,0,1
7,0,66.27,57.67,1,0,0,0
8,0,78.01,73.45,1,1,0,1
3,0,62.45,89.4,1,0,0,1
4,2,84.04,82.32,0,1,0,0
6,1,77.62,66.87,0,0,0,0
4,1,77.03,82.51,0,0,1,1
4,0,55.96,61.86,0,1,0,1
6,0,77.08,42.26,0,1,0,1
2,0,51.15,55.43,1,0,0,0
4,0,77.62,81.02,0,1,0,0
2,2,83.63,85.99,1,0,0,1
8,2,89.48,98.51,0,1,1,1
7,0,77.1,79.51,1,1,0,1
2,0,61.76,88.52,1,0,0,1
5,0,63.97,80.35,0,0,0,1
6,1,76.85,86.62,1,0,1,1
7,0,93.83,91.99,1,1,0,1
7,0,76.29,81.1,1,0,0,1
7,0,60.54,85.01,1,1,0,0
6,1,59.92,63.6,0,0,0,0
5,1,60.62,43.0,0,0,0,1
5,1,71.22,82.05,0,0,0,1
8,0,88.66,82.23,0,1,0,1
7,2,73.77,64.25,1,1,0,0
4,2,92.22,63.29,1,1,0,1
5,0,71.79,75.93,0,0,0,1
8,0,80.83,84.77,1,0,0,1
5,1,79.56,82.15,1,1,0,1
2,0,69.91,61.75,0,1,0,0
3,1,66.89,63.83,0,0,0,1
7,1,55.66,79.16,0,1,0,1
3,1,65.12,73.9,1,0,0,1
8,0,67.12,86.15,1,0,0,1
1,1,70.11,70.14,0,0,0,0
5,2,82.19,85.31,0,1,0,1
3,0,63.28,72.18,1,0,0,1
5,1,92.56,69.84,1,0,0,1
5,0,63.59,83.86,1,0,0,1
2,0,41.74,56.44,1,0,0,1
7,1,80.19,76.93,0,1,0,1
2,0,75.89,77.31,0,1,0,1
4,0,70.87,72.73,0,1,0,1
5,0,66.43,85.18,1,1,1,1
4,1,75.4,81.95,0,1,1,1
4,1,91.39,83.72,1,1,0,0
5,0,61.25,73.07,0,0,1,1
4,1,73.31,96.94,1,0,0,0
4,0,74.7,92.52,0,1,1,0
5,1,77.54,86.54,0,1,1,0
7,1,76.52,84.37,1,0,1,1
6,1,72.74,67.32,0,0,0,0
6,2,79.15,75.24,1,1,0,0
8,2,91.32,85.89,1,0,0,1
5,0,74.74,87.57,0,1,0,1
2,2,94.95,89.69,1,0,0,1
4,0,52.63,77.5,1,0,1,0
6,2,99.58,100.0,0,0,0,1
3,0,63.96,71.16,1,1,0,1
3,0,65.09,85.18,0,0,0,0
5,0,78.59,86.41,0,1,0,1
5,0,78.52,81.03,1,0,1,0
6,1,88.57,83.48,0,0,1,1
2,2,87.75,83.07,0,1,0,1
6,1,76.6,66.82,0,1,0,1
4,1,86.88,82.19,0,0,0,1
3,1,64.71,81.92,1,0,0,0
4,0,64.95,76.85,1,0,0,1
2,0,62.18,50.33,1,0,0,1
6,0,66.73,54.31,1,0,0,0
8,0,76.6,65.5,0,0,0,1
5,0,78.96,74.45,0,1,0,0
6,0,78.51,66.53,0,1,0,1
5,0,63.87,80.52,1,0,0,1
5,0,63.04,86.91,0,0,0,1
6,2,73.45,90.69,0,0,1,0
4,0,68.89,77.82,1,1,0,1
4,1,57.19,84.45,1,0,0,0
5,1,66.09,66.47,0,1,0,0
5,1,70.41,72.26,0,1,1,1
4,0,78.55,61.71,1,0,0,1
4,0,66.68,87.82,1,0,0,0
7,0,84.06,100.0,0,1,0,1
5,0,71.88,70.19,0,0,0,1
4,0,63.26,46.61,1,1,0,1
3,1,66.67,61.87,1,0,0,0
9,1,71.34,66.47,1,1,1,0
6,1,100.0,64.09,0,1,0,1
6,1,88.11,65.26,1,1,0,1
4,0,74.04,77.26,0,0,1,0
7,2,70.97,82.11,0,0,0,1
6,0,67.48,48.72,1,0,0,0
6,1,67.25,67.06,0,0,0,1
2,1,70.28,74.51,1,1,1,0
6,1,67.73,60.74,0,0,0,0
4,0,61.3,75.09,1,1,0,1
7,1,69.99,72.58,0,0,0,1
8,0,73.6,69.34,1,0,1,1
6,0,72.71,64.17,0,1,1,1
3,0,63.87,76.05,1,0,0,1
4,0,83.33,67.5,1,1,0,1
5,1,83.11,55.83,0,1,0,1
3,2,68.17,73.9,0,1,0,1
5,0,73.26,59.78,0,0,1,0
8,2,78.99,56.04,1,0,0,1
8,2,82.05,77.96,0,0,0,1
5,2,84.79,75.0,0,0,0,1
5,2,86.66,66.94,0,1,0,0
8,0,70.13,76.77,1,0,0,1
5,0,58.95,76.88,0,0,0,1
4,1,73.88,77.65,0,1,0,1
3,1,75.35,77.51,1,0,0,0
7,2,77.62,56.26,1,1,0,0
4,2,86.17,92.75,0,1,0,1
4,1,79.39,82.57,1,0,1,1
5,0,63.47,61.28,1,1,0,1
3,0,77.3,75.32,0,1,1,0
5,0,81.61,78.46,0,1,0,1
4,1,93.68,78.26,1,1,1,1
6,1,94.12,100.0,0,0,0,1
5,2,70.97,50.85,0,0,0,0
5,1,84.25,59.14,0,0,0,1
2,2,82.8,48.97,1,0,0,1
5,1,71.52,75.26,1,0,1,1
3,2,80.55,82.64,1,1,0,1
3,0,47.22,73.78,0,0,0,0
5,2,60.95,68.72,1,0,0,1
4,1,55.85,76.05,1,0,0,1
3,0,69.89,70.42,0,0,0,1
4,0,72.37,83.36,1,0,0,1
2,2,71.26,87.54,0,1,0,1
6,0,89.21,66.67,1,0,0,1
7,1,88.87,74.32,0,1,0,1
3,0,50.02,68.5,1,1,0,1
5,1,73.28,91.76,1,1,0,1
4,2,68.6,63.96,1,0,1,1
6,0,76.14,88.4,0,0,0,1
6,1,76.69,57.75,0,1,0,1
2,2,65.17,87.96,0,0,0,0
2,1,85.94,87.41,1,0,0,1
5,2,80.57,74.25,1,0,0,1
2,1,64.84,83.97,0,0,0,1
7,0,71.47,68.28,0,0,0,1
4,1,89.19,66.76,1,0,0,1
5,1,84.11,97.3,0,1,0,1
7,0,72.38,67.98,0,0,0,1
5,0,60.08,80.14,0,0,0,1
7,0,65.64,86.43,0,0,0,0
1,1,62.18,82.11,1,1,0,1
3,2,81.07,83.41,1,1,0,1
4,0,75.57,83.28,1,1,0,1
9,1,75.74,87.84,0,0,1,1
4,2,86.01,81.01,1,0,0,1
5,0,60.91,71.71,0,1,1,1
6,1,70.88,57.75,0,1,0,1
6,2,67.5,77.32,1,0,0,0
3,2,61.21,84.58,0,0,0,0
3,0,56.81,58.15,0,0,0,0
5,0,69.74,71.2,1,1,0,0
7,0,64.06,77.92,0,0,0,1
6,1,91.98,96.54,1,1,0,1
6,1,67.68,59.63,1,1,0,1
4,1,74.84,84.49,0,1,0,0
7,0,87.2,73.15,0,1,0,1
4,0,68.93,65.7,0,0,1,1
8,1,77.36,64.46,0,0,0,0
5,1,76.47,67.43,0,0,0,0
5,1,69.38,79.87,1,0,1,0
4,1,62.99,69.87,0,0,0,1
5,0,76.13,83.8,0,0,0,1
2,0,58.17,58.17,1,1,1,1
3,0,75.37,83.44,1,0,0,1
7,0,81.96,81.6,1,1,0,1
5,0,71.66,56.24,0,0,0,1
6,0,81.71,94.42,1,0,0,1
7,0,68.56,77.79,1,1,0,1
2,0,71.84,83.55,0,1,0,0
7,1,86.79,91.23,0,0,0,0
5,0,66.99,85.02,0,0,0,1
5,1,70.7,72.63,1,1,0,1
7,1,82.29,85.16,0,0,0,1
6,1,96.68,57.62,1,0,0,1
5,2,77.68,80.26,1,0,1,0
0,0,55.49,91.89,1,0,0,0
7,1,90.78,69.81,0,1,1,0
5,2,80.68,87.12,0,0,0,1
5,2,88.66,99.01,0,0,0,0
6,0,86.75,85.62,0,0,0,1
8,0,56.93,83.69,1,0,0,1
4,0,67.62,54.69,0,1,0,1
6,1,74.7,63.72,0,1,1,0
4,1,63.38,89.83,0,0,0,1
1,0,42.81,80.09,0,0,1,1
3,1,55.09,76.97,1,1,0,1
4,1,74.04,71.63,1,0,1,1
5,1,69.66,77.35,1,1,0,1
4,2,69.98,94.85,0,1,1,1
5,1,75.94,73.97,1,1,0,1
2,0,57.08,79.81,1,0,1,0
2,1,81.9,84.46,0,1,0,1
5,0,63.79,64.77,0,0,0,1
5,1,90.05,70.95,1,0,0,1
5,2,79.7,94.26,1,0,0,0
6,2,75.48,81.94,1,1,0,1
4,1,65.75,64.99,0,0,1,0
9,0,93.14,74.89,0,0,0,1
7,0,80.96,64.36,1,0,0,1
2,1,61.41,85.08,1,1,0,0
3,0,67.19,70.42,0,0,0,1
4,1,49.41,67.02,1,0,0,1
6,0,58.68,81.83,0,1,1,1
7,0,66.5,53.15,1,1,0,1
4,0,60.25,71.61,1,0,0,1
5,2,92.13,78.3,1,1,0,0
5,1,55.86,67.74,0,0,0,0
3,0,51.72,63.75,0,1,0,1
3,0,70.52,65.58,1,0,0,1
7,1,81.3,79.65,1,1,0,0
3,0,62.5,60.38,0,1,0,1
8,1,100.0,81.93,1,1,1,1
8,2,92.17,71.8,0,0,0,1
5,1,87.23,71.61,0,0,1,1
5,1,74.49,77.26,0,0,0,0
3,1,65.56,67.14,0,1,0,0
3,2,70.68,89.34,0,1,0,0
6,2,91.28,76.57,1,0,0,1
5,1,82.73,89.11,0,1,0,0
4,0,65.81,64.02,0,1,0,1
6,1,81.72,66.93,1,1,0,1
3,0,75.63,55.17,1,0,0,1
12,1,83.36,70.77,1,0,0,1
1,1,63.57,69.92,0,0,0,1
6,0,76.47,76.22,1,1,1,0
1,0,44.11,77.19,0,1,0,0
6,1,81.66,83.83,0,0,0,1
1,2,60.75,85.78,0,1,1,0
4,1,82.42,65.84,0,1,1,0
3,1,92.48,78.87,0,1,0,1
3,0,59.03,59.8,1,0,0,1
5,1,61.5,77.27,0,0,1,0
5,1,73.2,96.29,1,0,0,1
5,1,72.35,60.11,0,1,0,1
9,0,84.61,85.17,0,0,0,1
3,1,73.34,87.25,0,0,0,1
3,0,63.04,61.89,1,0,1,0
6,0,72.91,79.82,1,0,0,1
6,2,70.78,69.84,1,1,1,1
3,0,74.29,73.4,1,1,0,0
7,0,90.18,73.32,1,1,0,1
4,1,61.02,69.51,1,1,0,0
1,2,56.21,85.11,1,0,1,1
7,1,74.98,74.05,0,0,0,1
7,1,66.79,66.14,0,1,0,1
2,2,61.24,73.08,0,1,0,0
5,0,55.98,45.73,0,1,0,0
6,0,70.06,64.21,0,1,0,0
9,0,73.89,89.76,0,0,0,1
3,2,79.73,74.2,0,1,1,1
4,0,62.37,66.74,0,1,0,1
10,0,67.83,75.64,1,1,0,1
4,1,72.83,83.41,0,0,0,1
4,1,62.41,88.43,0,1,0,0
4,1,78.12,70.21,1,1,0,1
7,1,62.34,67.33,0,1,1,0
8,0,54.35,68.19,0,0,0,0
6,1,60.9,84.53,0,0,1,1
6,1,72.82,75.25,0,1,1,0
3,2,73.13,100.0,0,1,0,1
5,0,71.37,72.34,0,1,0,0
6,2,76.35,96.43,0,0,0,1
2,1,60.53,61.39,1,1,0,1
8,0,90.33,61.39,1,0,0,1
5,1,86.69,76.12,1,1,0,0
4,0,77.86,89.25,0,0,0,0
4,2,81.09,70.49,0,0,1,1
2,2,77.89,68.18,1,1,0,0
5,0,61.95,84.69,0,1,0,1
5,0,71.44,82.75,1,0,0,0
4,0,58.6,62.21,0,0,0,1
2,0,53.47,60.48,1,1,0,1
4,0,51.83,80.32,0,0,1,0
4,0,72.06,54.83,0,0,0,1
1,1,68.64,86.68,1,0,0,1
8,0,72.97,82.9,1,0,0,1
4,2,73.66,47.36,0,1,0,1
10,2,71.7,74.53,1,0,0,1
6,1,79.56,52.17,0,1,1,0
3,2,72.84,60.11,0,0,1,1
6,0,80.96,70.16,1,1,0,1
4,0,69.46,58.68,1,0,0,1
3,1,78.06,100.0,1,0,0,1
2,1,68.93,84.15,0,1,0,0
3,1,72.82,90.97,0,1,0,0
5,2,89.31,76.18,1,1,0,1
3,2,74.08,75.18,0,0,0,1
4,1,77.72,94.51,0,0,0,0
3,1,66.56,78.52,0,0,0,0
6,0,70.69,81.48,0,0,0,1
5,0,85.94,66.25,0,1,0,1
5,1,81.41,65.29,0,0,0,1
4,1,67.59,76.65,1,1,0,1
4,1,77.23,79.92,1,0,1,0
6,0,59.2,59.87,0,0,0,1
4,1,70.79,78.46,0,1,1,1
6,0,62.47,57.83,0,0,0,1
4,1,77.52,75.67,0,0,0,1
5,0,68.11,56.37,1,0,0,1
5,0,72.83,90.5,1,0,0,1
4,0,75.74,71.41,1,0,0,0
5,0,65.4,64.76,1,1,0,1
3,2,71.76,60.6,0,0,0,1
4,0,67.63,58.62,0,1,0,1
6,0,63.4,77.92,1,1,0,1
6,1,76.89,87.42,1,1,0,1
1,1,67.42,84.33,0,0,1,1
3,0,68.29,90.42,0,0,1,0
4,0,72.2,95.42,1,0,0,1
6,2,65.97,84.69,0,1,0,0
4,1,60.15,66.0,1,1,0,1
3,0,54.33,72.9,1,1,1,1
14,1,93.93,51.7,0,0,0,1
5,0,67.16,81.08,1,0,1,1
4,0,45.32,70.86,1,0,0,1
5,1,94.47,98.04,1,0,1,1
5,2,60.11,63.1,0,0,0,1
7,0,74.3,81.05,0,0,0,1
7,2,89.63,65.89,1,0,0,1
7,0,66.8,72.04,0,0,1,0
2,0,70.4,54.46,0,0,1,0
5,0,59.92,88.26,0,1,0,1
3,0,67.71,86.17,1,0,0,1
7,2,62.19,66.77,0,1,0,1
2,1,80.73,79.29,0,1,0,1
6,0,72.01,74.86,0,0,1,0
4,2,62.05,65.06,1,1,0,1
8,2,92.29,79.94,1,1,0,1
5,1,91.32,72.95,0,1,0,0
1,2,62.74,84.31,1,0,0,0
2,0,61.9,69.85,0,1,1,0
3,2,70.85,100.0,1,1,0,0
6,1,69.3,72.93,1,0,0,0
8,2,77.24,76.8,1,1,0,1
4,1,66.54,79.64,0,0,0,1
3,0,60.08,82.06,1,0,0,1
6,1,73.44,75.62,1,0,1,1
6,0,67.71,79.62,1,0,0,0
8,0,83.61,78.92,0,0,1,1
6,0,78.72,66.4,0,0,0,1
6,2,66.66,60.76,1,1,1,1
5,0,64.06,81.2,0,1,0,1
4,1,85.51,95.31,1,0,0,0
5,0,72.94,55.02,0,0,0,0
5,2,83.34,59.45,1,0,1,1
6,0,74.39,57.55,0,0,0,1
11,1,84.38,86.18,0,1,0,1
8,2,85.59,87.42,0,0,1,1
7,1,74.96,63.28,0,0,0,1
7,0,82.56,100.0,0,0,0,0
4,1,69.05,69.19,1,0,0,0
8,2,84.87,94.2,1,1,0,0
6,1,84.35,86.57,1,0,0,1
2,0,60.72,60.65,1,0,0,0
4,2,77.29,70.44,0,0,0,1
0,0,56.42,60.81,0,1,0,0
6,1,76.11,59.09,0,1,0,0
0,2,66.76,70.31,1,0,0,0
7,0,68.64,59.35,0,0,0,0
9,1,75.92,73.08,0,0,0,1
7,1,77.28,98.65,1,1,1,1
2,2,84.18,85.2,1,1,1,1
4,0,74.24,68.16,1,0,1,0
8,1,65.21,65.38,1,0,0,1
5,2,75.71,70.33,1,0,1,1
5,0,63.62,97.58,0,0,1,1
6,0,56.38,58.22,1,1,0,0
2,2,76.75,75.33,1,1,0,0
4,0,67.04,78.99,0,0,0,1
7,2,100.0,94.59,0,0,0,1
3,0,62.66,68.54,0,0,1,1
6,0,64.24,61.3,0,0,0,0
2,1,60.27,75.53,1,0,0,1
8,1,76.48,91.07,0,0,0,1
10,1,90.9,74.91,0,1,0,0
5,1,82.05,66.34,1,1,0,0
4,2,100.0,81.32,0,0,1,1
4,0,55.93,51.7,0,0,0,1
8,1,81.86,73.75,1,1,1,1
9,0,71.16,88.37,0,0,0,1
7,1,82.5,87.0,1,0,0,1
7,0,87.83,75.84,0,1,0,1
3,0,74.62,94.84,0,0,1,1
8,1,68.92,96.7,0,0,0,1
7,0,80.85,84.14,0,0,0,1
2,0,42.87,50.96,1,1,0,0
5,1,51.2,47.68,1,0,1,0
7,1,76.51,91.9,1,0,0,0
6,2,88.11,80.56,0,1,0,1
1,1,70.48,93.72,1,0,0,1
3,0,85.06,60.95,1,0,0,1
4,1,74.09,72.88,0,1,1,1
4,0,66.93,85.74,1,1,1,1
3,1,82.55,67.75,0,0,0,1
7,2,80.26,88.23,0,0,1,0
9,1,86.89,75.9,1,1,0,1
4,1,77.49,75.83,1,0,0,0
3,0,56.28,57.05,0,0,1,0
4,1,76.87,78.39,0,0,0,1
4,2,99.85,100.0,1,1,0,1
6,0,83.37,81.33,1,0,0,1
3,0,57.61,62.02,0,0,0,1
10,1,100.0,96.75,0,0,0,1
5,1,81.89,67.24,0,0,0,0
5,0,74.24,95.5,1,1,1,0
3,2,75.03,59.71,0,0,0,0
2,0,70.83,77.44,0,0,0,1
7,0,75.12,93.34,0,0,1,1
5,1,75.2,64.64,1,0,0,1
4,0,66.67,74.33,1,1,0,1
6,1,86.74,91.24,1,0,0,1
5,0,78.63,48.66,0,1,0,1
4,0,66.51,84.42,0,1,0,0
7,0,58.81,70.71,1,1,0,0
4,2,78.36,92.98,1,1,1,1
2,1,61.82,62.43,1,1,1,0
3,1,66.26,56.61,1,1,1,1
8,0,74.75,68.43,1,0,0,1
5,1,64.4,66.11,1,0,0,0
6,1,60.9,69.7,1,0,1,0
2,2,76.92,69.76,1,1,0,1
3,1,71.27,50.16,0,0,0,1
3,1,70.89,73.04,0,1,0,0
7,0,79.11,78.6,1,0,0,1
5,1,68.4,71.36,0,0,0,1
2,1,72.32,77.91,1,0,0,1
2,2,87.37,78.49,0,0,0,0
7,0,71.45,57.71,0,1,0,1
8,0,94.99,75.39,0,0,0,0
4,1,73.5,76.07,0,0,1,1
4,0,59.48,69.05,0,0,1,1
4,0,76.5,57.39,0,1,0,0
3,2,74.87,89.65,1,1,0,1
4,1,83.53,65.04,0,0,0,1
6,2,86.13,62.32,0,1,0,1
5,2,76.72,75.83,0,0,0,0
5,0,85.21,73.25,1,0,0,1
3,1,66.01,80.42,1,0,1,1
6,0,50.34,80.54,1,1,0,0
4,2,86.81,86.01,0,1,0,1
2,1,72.5,74.48,0,1,0,1
5,0,82.84,83.21,1,1,0,1
7,0,65.18,54.32,1,0,0,1
8,1,78.53,88.84,0,0,0,1
0,0,56.4,66.42,0,1,0,0
5,0,79.34,99.51,0,0,0,0
4,1,79.51,89.4,0,0,0,1
6,2,84.15,74.46,1,0,0,1
4,0,70.21,74.3,0,1,0,0
7,1,67.49,87.71,0,1,0,1
2,2,81.69,49.22,0,1,0,1
3,0,73.89,72.86,1,1,0,1
3,2,98.91,100.0,1,0,0,1
5,0,74.71,85.08,1,0,0,1
6,1,83.32,66.61,0,0,0,0
9,1,87.78,81.33,1,0,0,1
6,1,70.03,62.29,0,1,0,1
7,2,96.49,75.2,0,0,0,1
2,0,63.44,76.69,0,0,0,0
2,0,62.07,78.53,1,0,1,1
8,1,79.65,84.68,0,0,1,1
8,2,85.34,91.87,1,0,0,1
8,0,71.14,59.9,0,0,1,1
7,2,86.15,77.52,0,1,0,1
6,0,71.03,64.0,0,0,1,1
2,0,62.18,67.65,0,1,0,1
7,1,83.9,67.73,0,0,0,1
6,0,72.76,80.54,0,0,0,0
5,1,69.46,86.53,0,0,0,0
6,0,64.36,86.16,0,1,0,1
4,0,68.98,60.53,0,1,0,1
4,1,65.53,71.63,0,0,0,1
4,1,64.81,59.37,0,1,0,1
5,1,66.96,59.4,0,1,1,1
4,1,75.55,67.17,0,1,0,1
7,0,85.94,81.31,1,0,0,0
2,1,72.48,80.72,0,1,0,1
4,2,86.87,85.22,0,0,0,1
1,2,71.3,81.37,1,0,0,1
6,0,73.42,64.51,1,1,0,1
1,0,78.53,89.9,1,0,1,0
6,2,90.29,87.7,1,0,0,1
6,1,86.37,72.32,0,1,0,0
0,1,62.36,67.97,0,0,0,1
6,1,76.95,67.5,1,1,0,1
1,0,66.06,57.71,1,1,0,0
4,1,66.94,81.38,1,0,0,1
6,2,58.37,81.54,1,1,0,1
7,1,82.96,65.48,0,1,0,0
6,0,81.61,61.54,0,1,0,1
3,0,66.55,62.07,1,1,1,0
7,0,68.04,74.93,1,0,0,1
6,1,73.69,58.15,1,1,0,1
5,0,49.72,83.48,1,1,0,1
7,0,70.67,86.95,0,1,1,0
4,2,66.85,78.46,0,0,0,1
7,0,67.0,83.12,1,1,1,1
1,0,50.34,70.77,1,0,0,0
2,0,51.19,75.82,0,1,0,1
2,0,53.96,55.19,0,0,0,1
6,1,83.33,93.35,0,0,0,1
8,2,80.9,70.33,0,0,0,0
6,2,70.92,72.64,1,1,0,1
0,1,72.54,100.0,0,1,0,1
10,1,86.29,74.62,0,1,0,1
2,1,45.36,77.95,1,0,0,1
5,0,79.96,82.17,0,0,0,0
8,0,76.72,59.35,1,0,0,1
5,2,87.7,65.54,0,0,0,1
4,0,65.75,97.58,1,0,0,1
3,0,82.05,83.36,0,0,0,1
7,1,75.18,74.83,0,0,0,0
7,1,52.64,64.1,1,1,0,1
3,0,57.11,75.26,1,1,0,1
3,0,71.02,79.19,0,0,1,1
2,0,65.59,75.84,1,0,0,1
2,1,67.77,86.38,0,1,0,1
7,0,64.14,62.42,1,0,0,0
4,1,73.18,62.63,0,1,0,1
1,1,66.86,85.89,0,0,0,0
3,2,75.75,100.0,0,0,0,1
10,0,85.38,87.19,0,1,0,0
3,0,67.82,89.14,0,0,0,1
6,1,74.48,74.0,0,1,0,1
4,1,62.97,75.79,0,0,0,0
5,0,83.6,79.75,0,1,0,1
3,1,90.82,77.5,0,1,0,1
7,0,91.44,95.22,1,0,0,0
5,0,76.99,88.79,1,0,0,1
2,1,52.25,65.66,1,0,0,1
6,0,54.03,51.06,1,1,0,0
3,2,70.52,73.34,1,0,0,0
2,1,68.45,59.83,1,0,0,0
7,1,78.04,75.89,0,0,0,1
6,1,78.94,62.88,0,0,0,0
3,1,57.08,86.49,0,1,1,0
5,0,86.07,85.43,0,0,0,1
7,2,99.05,87.73,1,0,0,0
4,2,64.89,85.84,1,0,0,1
4,0,49.38,74.57,0,0,0,1
3,0,65.1,79.58,1,0,0,1
6,0,84.62,94.14,0,1,1,0
4,1,72.68,72.92,0,0,0,1
5,1,77.6,82.78,1,0,0,0
7,2,79.6,63.28,1,0,0,0
4,1,74.46,75.84,1,0,0,0
3,1,80.44,100.0,1,1,1,0
1,1,71.12,84.0,0,0,0,0
5,1,80.76,75.12,0,0,0,0
8,1,64.37,76.05,0,0,1,0
5,1,96.38,79.02,1,0,0,1
5,1,58.49,74.48,0,1,0,1
3,1,72.56,69.72,0,1,1,1
3,1,69.5,79.84,1,1,0,1
6,1,75.93,81.55,1,0,0,1
5,1,83.7,76.82,1,0,0,0
7,1,71.92,76.07,0,0,0,1
6,1,72.67,78.62,0,0,0,1
8,1,69.53,67.58,0,1,0,0
8,1,92.22,84.27,1,0,0,1
8,0,78.66,85.09,0,0,0,1
9,0,84.37,94.45,1,0,0,0
5,1,83.12,80.44,1,0,0,1
3,1,90.91,71.52,0,1,0,1
4,2,96.17,78.0,0,0,0,1
5,0,73.23,60.93,1,0,0,1
6,0,73.58,83.44,1,1,0,0
7,0,68.68,49.02,1,0,0,1
4,0,75.44,87.38,0,0,0,0
6,1,84.07,90.56,0,0,0,1
13,0,78.71,40.57,1,0,0,1
3,1,78.2,90.94,1,0,0,0
7,1,89.08,90.14,0,0,1,0
7,1,67.78,70.08,0,1,0,1
2,2,75.9,60.88,1,0,0,1
5,1,74.34,64.82,0,0,0,0
2,0,63.95,63.69,1,0,0,1
4,2,68.47,89.49,0,1,0,1
3,2,57.73,66.16,1,1,1,0
3,0,58.45,82.55,1,1,0,1
1,0,53.05,69.12,0,0,1,1
7,0,77.53,76.17,1,1,0,1
4,0,71.7,55.48,1,0,1,0
9,2,91.13,64.46,1,0,0,1
4,1,59.03,87.32,0,1,0,0
6,0,60.8,70.29,1,0,0,1
3,2,69.83,77.57,1,0,0,1
8,1,81.23,97.92,0,0,0,1
6,0,68.65,72.2,1,1,0,1
5,2,83.11,74.41,0,0,0,1
3,2,85.75,91.62,0,1,1,1
11,2,82.01,76.55,0,0,0,1
7,1,69.39,77.72,0,1,1,0
6,1,78.35,87.63,1,0,0,1
6,0,71.18,74.24,1,1,0,0
6,1,84.43,86.34,0,0,0,1
6,2,82.08,75.02,1,0,0,1
5,0,87.41,89.25,0,0,0,1
8,1,65.12,78.08,1,0,0,1
6,1,85.4,74.38,0,0,0,1
8,0,77.99,76.49,0,0,0,1
13,1,76.97,46.06,0,0,0,1
4,0,47.32,83.79,1,0,1,1
1,1,55.75,56.09,0,0,0,0
4,0,80.09,63.19,0,0,0,0
2,2,84.95,71.73,0,0,1,1
7,0,72.71,53.03,0,0,0,0
4,0,64.38,78.49,1,0,0,1
5,0,61.44,76.62,0,0,1,0
8,2,84.13,70.99,1,1,0,1
6,1,72.26,66.32,0,0,0,1
5,1,92.1,70.1,1,0,0,1
2,1,56.63,78.7,0,0,0,1
6,1,80.92,57.06,1,1,0,1
5,0,87.57,72.61,0,1,1,1
6,1,84.75,58.6,1,1,1,1
3,0,54.76,80.18,1,1,1,1
6,2,66.58,69.28,1,0,0,0
6,1,79.74,82.51,0,0,0,1
4,1,74.51,89.9,1,0,0,0
7,0,86.32,92.46,1,0,1,1
4,1,78.48,63.43,0,1,0,1
0,0,55.15,74.74,0,1,0,1
9,0,72.47,87.95,0,0,0,0
1,0,48.94,78.15,0,1,0,1
6,1,78.29,85.2,1,1,0,1
4,1,58.96,50.39,1,0,0,0
5,0,79.1,83.99,0,0,0,1
6,0,77.89,66.06,1,1,1,1
8,1,86.57,85.29,0,1,0,1
4,1,59.78,79.67,1,1,0,0
5,0,68.5,80.78,1,0,0,0
10,0,76.11,73.89,1,0,1,0
5,2,81.03,92.0,1,1,0,1
7,2,89.29,83.98,0,0,0,1
6,2,76.86,79.23,0,1,0,1
4,2,73.24,63.44,0,0,0,0
3,0,72.8,79.31,0,0,1,1
5,0,58.71,95.49,1,1,1,1
4,0,60.53,55.42,0,0,0,0
4,0,68.06,82.37,1,1,0,1
5,2,89.0,88.07,1,1,0,1
2,1,59.31,92.57,0,0,0,1
7,1,96.9,88.09,0,0,0,1
3,0,52.49,70.63,0,0,0,0
5,2,95.5,84.17,1,0,0,1
6,2,94.0,75.58,1,0,1,1
8,0,61.7,86.97,0,1,0,1
5,2,63.68,54.15,0,0,0,1
3,0,73.2,68.79,0,1,0,1
3,0,62.23,77.8,1,0,0,1
5,1,64.93,87.04,0,0,1,1
7,1,97.12,79.26,0,0,0,1
5,0,58.06,62.22,1,1,0,0
5,0,62.73,70.02,1,0,0,1
10,2,83.92,72.38,1,0,0,0
2,1,41.01,64.35,0,0,1,1
6,1,77.91,70.36,1,1,0,1
7,0,64.88,67.76,1,0,1,0
4,0,76.11,54.63,0,0,1,1
11,0,91.41,81.88,1,1,1,1
5,0,72.32,82.56,0,1,1,1
4,0,70.43,92.07,0,1,0,1
1,0,63.64,83.05,1,0,1,1
11,1,80.0,85.71,0,0,0,1
3,0,59.85,75.52,1,1,0,0
2,2,87.23,56.3,0,1,0,1
7,0,81.35,79.63,0,0,0,0
5,1,77.06,76.76,1,1,0,1
1,0,68.0,85.96,1,0,0,1
6,1,76.39,82.09,0,1,0,1
4,0,69.85,72.41,1,1,0,1
9,2,93.95,100.0,0,0,0,1
4,1,52.26,80.63,1,0,0,1
9,1,92.06,82.49,0,0,0,1
5,0,78.34,81.13,1,0,0,0
2,1,61.19,72.97,0,0,0,0
8,1,93.44,78.89,1,0,0,1
2,0,41.83,42.32,1,1,0,0
7,1,82.53,65.52,0,1,0,0
9,2,88.4,71.19,1,0,0,1
3,1,67.91,78.99,0,1,0,0
3,2,76.19,55.42,0,1,0,0
6,2,87.83,71.31,1,0,1,1
7,2,65.94,65.4,0,0,0,1
2,1,79.01,77.2,0,1,1,0
9,1,78.9,81.22,0,0,0,1
5,1,85.15,69.28,1,1,0,1
5,1,81.44,69.4,0,1,1,1
3,2,71.69,66.17,0,0,0,1
6,0,71.21,69.56,1,0,0,1
6,0,71.79,73.75,1,1,0,0
4,0,84.06,92.59,1,1,0,1
6,0,60.6,59.97,1,1,0,1
8,0,71.62,95.33,1,0,0,0
4,1,57.18,56.63,0,1,1,1
6,0,73.24,86.1,0,0,1,1
4,1,66.76,67.64,1,1,0,1
9,1,77.98,64.66,1,0,0,0
5,0,84.85,92.77,1,0,0,1
7,0,65.77,74.13,0,1,0,1
2,1,67.4,74.0,0,1,0,1
4,1,68.41,70.36,1,0,0,0
4,2,74.04,67.83,1,0,0,1
7,2,100.0,77.88,1,0,1,1
3,2,58.65,33.01,1,0,0,1
4,1,79.44,53.64,0,1,0,0
3,2,100.0,84.71,1,0,0,1
3,2,86.79,91.55,1,0,0,1
2,2,74.47,91.26,0,0,0,0
10,0,68.27,62.17,0,0,0,0
3,2,89.05,80.12,1,1,1,1
2,1,78.37,49.35,1,0,0,1
6,1,61.7,68.12,0,0,0,1
4,0,64.8,82.84,0,0,1,0
6,0,59.94,71.78,0,0,0,1
2,0,35.4,63.1,0,0,1,1
4,0,55.71,70.98,1,0,0,0
9,0,79.05,91.21,1,1,0,0
10,2,95.8,76.22,1,1,0,1
5,0,66.77,74.22,1,1,0,1
2,0,77.74,93.78,0,0,0,1
3,0,76.29,72.52,0,1,0,1
7,1,77.75,55.91,0,0,0,0
6,0,69.47,90.32,0,0,1,1
4,0,71.83,86.55,0,1,0,1
2,1,68.82,47.16,1,1,0,0
7,1,64.74,71.39,1,1,0,1
6,0,69.05,73.54,1,0,0,1
7,0,80.66,92.55,1,0,0,1
7,0,87.15,77.26,1,0,0,0
3,2,85.6,79.11,1,0,1,1
3,0,69.34,76.23,0,1,0,1
4,1,87.57,71.92,1,0,0,1
5,0,74.24,90.41,0,0,0,0
2,1,68.11,64.12,0,0,0,1
4,0,82.79,70.73,0,1,0,1
7,0,81.2,76.17,1,1,1,0
5,1,88.02,61.55,1,0,0,0
6,0,60.12,93.21,1,1,0,0
4,0,59.4,71.87,1,0,0,1
9,1,74.83,84.86,0,1,1,0
2,2,75.82,63.67,1,0,0,1
6,0,90.24,86.59,1,0,0,1
4,1,61.61,81.88,1,1,0,1
3,2,85.05,88.3,0,1,0,1
6,2,69.97,96.85,0,0,0,1
7,1,100.0,73.3,1,1,0,1
8,1,65.03,70.77,0,0,1,0
9,0,85.4,66.94,1,0,0,1
5,1,83.8,75.61,0,1,0,1
4,0,74.2,82.81,1,0,0,1
3,0,57.23,78.77,0,1,0,0
7,1,68.44,93.38,1,1,0,1
4,0,80.72,82.03,0,1,0,1
8,1,91.48,78.3,1,0,1,1
8,1,91.35,65.17,0,1,0,0
1,1,78.56,86.11,1,0,0,1
5,0,54.64,69.05,1,1,1,1
4,0,52.34,81.14,0,0,0,1
3,1,64.29,67.76,1,1,0,0
2,2,69.2,88.25,0,0,0,1
8,0,70.14,78.66,0,0,0,1
8,0,78.77,87.66,0,1,1,1
3,2,87.15,82.06,1,1,0,0
4,0,65.06,61.91,0,1,0,1
12,2,85.85,72.78,0,0,1,1
3,1,79.13,60.46,1,0,0,1
3,1,68.18,75.85,1,0,0,1
4,0,69.07,56.26,0,0,0,1
3,0,62.68,76.06,1,0,0,1
4,0,71.4,30.85,1,0,0,0
6,2,71.86,84.09,0,1,0,1
4,1,80.26,62.81,1,1,0,0
3,1,70.67,62.69,0,1,0,1
8,1,73.36,91.13,1,0,0,0
2,0,69.31,77.7,0,0,0,1
3,1,63.35,82.83,1,1,0,1
7,1,71.79,62.29,0,1,0,1
3,1,58.99,83.34,1,0,0,0
7,0,56.96,69.74,0,0,0,0
5,1,80.34,77.48,0,0,0,1
2,2,85.66,95.01,0,0,0,1
9,1,78.49,61.74,1,0,0,1
4,0,60.02,82.96,0,1,0,1
3,1,52.88,75.2,0,1,0,1
1,0,40.27,65.5,0,0,1,0
2,1,76.27,62.12,1,1,0,1
6,2,62.26,69.76,0,1,0,0
10,1,73.56,64.89,1,0,0,0
6,1,79.83,90.21,0,1,0,1
6,1,77.9,76.68,0,0,1,0
2,0,67.25,65.33,1,0,1,1
4,0,68.07,56.36,1,0,0,0
5,2,76.43,69.73,0,0,0,1
8,1,69.62,88.76,0,0,0,1
5,0,63.66,74.07,0,0,0,1
3,0,63.11,70.46,1,1,0,1
1,1,48.1,90.0,0,0,0,0
7,1,71.14,69.25,1,0,0,1
7,2,80.28,66.36,0,0,0,1
4,0,61.11,77.07,0,1,0,1
4,2,74.57,79.95,0,0,0,0
4,1,79.69,68.9,1,1,0,1
9,1,90.91,68.61,1,0,0,1
1,1,82.11,93.79,0,0,0,1
3,0,50.92,64.99,1,1,0,0
4,2,73.79,57.34,0,0,0,1
3,0,78.28,77.97,1,0,0,0
3,0,48.54,80.44,0,0,0,1
